congress,chamber,icpsr,state_icpsr,district_code,state_abbrev,party_code,occupancy,last_means,bioname,bioguide_id,born,died,nominate_dim1,nominate_dim2,nominate_log_likelihood,nominate_geo_mean_probability,nominate_number_of_votes,nominate_number_of_errors,conditional,nokken_poole_dim1,nokken_poole_dim2
119,House,20301,41,3,AL,200,,,"ROGERS, Mike Dennis",R000575,1958.0,,0.379,0.38,-5.04124,0.98524,339,1,,0.398,0.821
119,House,21102,41,7,AL,100,,,"SEWELL, Terri",S001185,1965.0,,-0.402,0.394,-22.41269,0.93584,338,11,,-0.379,0.331
119,House,21500,41,6,AL,200,,,"PALMER, Gary James",P000609,1954.0,,0.674,0.116,-22.05007,0.93774,343,13,,0.539,-0.032
119,House,22140,41,1,AL,200,,,"MOORE, Barry",M001212,1966.0,,0.643,-0.247,-35.09857,0.90137,338,16,,0.663,-0.257
119,House,22366,41,5,AL,200,,,"STRONG, Dale",S001220,1970.0,,0.602,0.368,-14.53147,0.9584,342,10,,0.427,0.756
119,House,22515,41,2,AL,100,,,"FIGURES, Shomari",F000481,1985.0,,-0.394,0.497,-23.24327,0.93373,339,11,,-0.393,0.496
119,House,29701,41,4,AL,200,,,"ADERHOLT, Robert",A000055,1965.0,,0.405,0.469,-4.70504,0.98622,339,2,,0.428,0.757
119,House,22503,81,1,AK,200,,,"BEGICH, Nicholas J., III",B001323,1977.0,,0.661,-0.008,-27.58049,0.92295,344,14,,0.655,-0.02
119,House,21995,93,0,AS,200,,,"RADEWAGEN, Aumua Amata Coleman",R000600,1947.0,,0.327,0.195,-0.65905,0.95057,13,0,,0.575,0.765
119,House,20305,61,7,AZ,100,,,"GRIJALVA, Raúl M.",G000551,1948.0,,-0.598,-0.264,-0.0,1.0,1,0,,-0.895,0.129
119,House,21103,61,9,AZ,200,,,"GOSAR, Paul",G000565,1958.0,,0.704,-0.522,-21.40506,0.93828,336,9,,0.735,-0.619
119,House,21105,61,1,AZ,200,,,"SCHWEIKERT, David",S001183,1962.0,,0.552,-0.221,-30.56455,0.91403,340,14,,0.491,-0.161
119,House,21705,61,5,AZ,200,,,"BIGGS, Andrew S.",B001302,1958.0,,0.818,-0.575,-25.36139,0.92853,342,10,,0.841,-0.542
119,House,21968,61,4,AZ,100,,,"STANTON, Greg",S001211,1970.0,,-0.278,0.263,-21.36446,0.93839,336,10,,-0.26,0.237
119,House,22309,61,6,AZ,200,,,"CISCOMANI, Juan",C001133,1982.0,,0.3,0.702,-12.0683,0.9642,331,4,,0.375,0.553
119,House,22311,61,2,AZ,200,,,"CRANE, Eli",C001132,1980.0,,0.747,-0.665,-20.46623,0.94224,344,10,,0.774,-0.634
119,House,22500,61,3,AZ,100,,,"ANSARI, Yassamin",A000381,1992.0,,-0.473,-0.076,-13.87112,0.96002,340,6,,-0.486,-0.011
119,House,22522,61,8,AZ,200,,,"HAMADEH, Abraham J.",H001098,1991.0,,0.673,-0.062,-29.03166,0.91884,343,14,,0.667,-0.075
119,House,22565,61,7,AZ,100,,,"GRIJALVA, Adelita S.",G000606,,,-0.429,-0.625,-2.4039,0.97949,116,1,,-0.451,-0.545
119,House,21106,42,1,AR,200,,,"CRAWFORD, Rick",C001087,1966.0,,0.461,0.307,-12.00159,0.96512,338,7,,0.537,0.383
119,House,21108,42,3,AR,200,,,"WOMACK, Steve",W000809,1957.0,,0.347,0.636,-5.86557,0.98044,297,2,,0.321,0.614
119,House,21503,42,2,AR,200,,,"HILL, French",H001072,1956.0,,0.435,0.278,-8.5183,0.9754,342,2,,0.367,0.532
119,House,21563,42,4,AR,200,,,"WESTERMAN, Bruce Eugene",W000821,1967.0,,0.543,0.26,-15.71966,0.95546,345,10,,0.4,0.293
119,House,15448,71,11,CA,100,,,"PELOSI, Nancy",P000197,1940.0,,-0.489,-0.178,-13.76039,0.95726,315,7,,-0.443,0.025
119,House,20107,71,48,CA,200,,,"ISSA, Darrell",I000056,1953.0,,0.476,0.031,-18.72333,0.94718,345,11,,0.334,0.436
119,House,20310,71,38,CA,100,,,"SÁNCHEZ, Linda T.",S001156,1969.0,,-0.507,-0.131,-13.15275,0.96183,338,4,,-0.408,-0.266
119,House,20501,71,21,CA,100,,,"COSTA, Jim",C001059,1952.0,,-0.199,0.449,-63.59332,0.82568,332,35,,-0.341,0.784
119,House,20538,71,7,CA,100,,,"MATSUI, Doris",M001163,1944.0,,-0.433,-0.144,-11.0833,0.96847,346,5,,-0.468,-0.198
119,House,20903,71,5,CA,200,,,"McCLINTOCK, Tom",M001177,1956.0,,0.67,-0.363,-55.77403,0.84493,331,25,,0.588,-0.332
119,House,20955,71,28,CA,100,,,"CHU, Judy",C001080,1953.0,,-0.48,-0.373,-14.95638,0.95769,346,5,,-0.382,-0.449
119,House,20958,71,8,CA,100,,,"GARAMENDI, John",G000559,1945.0,,-0.314,-0.098,-12.35104,0.96069,308,6,,-0.407,-0.364
119,House,21302,71,1,CA,200,,,"LaMALFA, Doug",L000578,1960.0,,0.542,0.007,-12.90376,0.95663,291,4,,0.576,0.048
119,House,21303,71,2,CA,100,,,"HUFFMAN, Jared",H001068,1964.0,,-0.432,-0.512,-10.55306,0.96935,339,5,,-0.508,-0.423
119,House,21304,71,6,CA,100,,,"BERA, Ami",B001287,1965.0,,-0.246,0.008,-26.33148,0.92505,338,13,,-0.266,-0.146
119,House,21306,71,14,CA,100,,,"SWALWELL, Eric",S001193,1980.0,,-0.355,-0.05,-12.11522,0.94735,224,7,,-0.292,-0.186
119,House,21307,71,22,CA,200,,,"VALADAO, David G.",V000129,1977.0,,0.255,0.435,-18.55368,0.94719,342,11,,0.221,0.376
119,House,21308,71,26,CA,100,,,"BROWNLEY, Julia",B001285,1952.0,,-0.305,0.049,-17.16076,0.95064,339,5,,-0.408,-0.12
119,House,21311,71,25,CA,100,,,"RUIZ, Raul",R000599,1972.0,,-0.262,0.047,-24.45584,0.93079,341,10,,-0.47,0.333
119,House,21312,71,39,CA,100,,,"TAKANO, Mark",T000472,1960.0,,-0.456,-0.331,-7.82163,0.97758,345,4,,-0.375,-0.483
119,House,21314,71,52,CA,100,,,"VARGAS, Juan",V000130,1961.0,,-0.4,0.02,-22.40052,0.93569,337,6,,-0.575,0.07
119,House,21315,71,50,CA,100,,,"PETERS, Scott",P000608,1958.0,,-0.193,-0.036,-32.46359,0.90969,343,12,,-0.22,-0.153
119,House,21504,71,10,CA,100,,,"DESAULNIER, Mark James",D000623,1952.0,,-0.512,-0.361,-4.98153,0.98533,337,1,,-0.558,-0.203
119,House,21506,71,33,CA,100,,,"AGUILAR, Peter Rey",A000371,1979.0,,-0.326,0.142,-17.87276,0.94937,344,7,,-0.454,0.239
119,House,21507,71,36,CA,100,,,"LIEU, Ted",L000582,1969.0,,-0.373,-0.201,-18.17853,0.94867,345,8,,-0.413,0.077
119,House,21508,71,35,CA,100,,,"TORRES, Norma Judith",T000474,1965.0,,-0.364,0.071,-25.04301,0.92959,343,10,,-0.329,0.079
119,House,21703,71,44,CA,100,,,"BARRAGÁN, Nanette Diaz",B001300,1976.0,,-0.5,-0.12,-6.50046,0.9809,337,1,,-0.498,-0.154
119,House,21709,71,24,CA,100,,,"CARBAJAL, Salud",C001112,1964.0,,-0.325,0.1,-15.30738,0.95672,346,7,,-0.335,0.011
119,House,21711,71,46,CA,100,,,"CORREA, Jose Luis",C001110,1958.0,,-0.284,0.171,-53.90683,0.84673,324,19,,-0.409,0.653
119,House,21728,71,17,CA,100,,,"KHANNA, Rohit",K000389,1976.0,,-0.456,-0.293,-18.22063,0.94826,343,7,,-0.421,0.033
119,House,21740,71,19,CA,100,,,"PANETTA, James Varni",P000613,1969.0,,-0.283,0.188,-31.73485,0.9126,347,14,,-0.261,0.274
119,House,21754,71,34,CA,100,,,"GOMEZ, Jimmy",G000585,1974.0,,-0.526,-0.246,-21.60577,0.93606,327,8,,-0.587,0.479
119,House,21907,71,31,CA,100,,,"CISNEROS, Gil",C001123,1971.0,,-0.473,0.644,-25.57564,0.92875,346,14,,-0.498,0.487
119,House,21930,71,9,CA,100,,,"HARDER, Josh",H001090,1986.0,,-0.3,0.448,-33.66674,0.90728,346,17,,-0.221,0.105
119,House,21939,71,49,CA,100,,,"LEVIN, Mike",L000593,1978.0,,-0.319,0.161,-18.90026,0.94669,345,10,,-0.293,0.127
119,House,22126,71,51,CA,100,,,"JACOBS, Sara",J000305,1989.0,,-0.406,-0.428,-7.42213,0.97878,346,2,,-0.51,-0.227
119,House,22129,71,40,CA,200,,,"KIM, Young",K000397,1962.0,,0.261,0.381,-13.18984,0.96249,345,4,,0.367,0.572
119,House,22145,71,23,CA,200,,,"OBERNOLTE, Jay",O000019,1970.0,,0.314,0.293,-19.78444,0.94395,343,8,,0.27,0.522
119,House,22323,71,42,CA,100,,,"GARCIA, Robert",G000598,1977.0,,-0.373,-0.601,-8.85113,0.974,336,2,,-0.398,-0.356
119,House,22333,71,37,CA,100,,,"KAMLAGER-DOVE, Sydney",K000400,1972.0,,-0.519,-0.468,-11.5195,0.9661,334,4,,-0.515,-0.173
119,House,22336,71,3,CA,200,,,"KILEY, Kevin",K000401,1985.0,,0.256,0.434,-18.0142,0.94898,344,5,,0.274,0.339
119,House,22354,71,15,CA,100,,,"MULLIN, Kevin",M001225,1970.0,,-0.493,0.007,-12.5636,0.9615,320,6,,-0.596,0.274
119,House,22378,71,20,CA,200,,,"FONG, Vince",F000480,1979.0,,0.456,0.885,-9.8265,0.97101,334,2,,0.436,0.9
119,House,22516,71,30,CA,100,,,"FRIEDMAN, Laura",F000483,1966.0,,-0.346,-0.316,-14.7015,0.95804,343,9,,-0.364,-0.238
119,House,22521,71,13,CA,100,,,"GRAY, Adam",G000605,1977.0,,-0.235,0.811,-41.42845,0.87997,324,14,,-0.235,0.826
119,House,22532,71,16,CA,100,,,"LICCARDO, Sam T.",L000607,1970.0,,-0.359,-0.15,-12.30993,0.96495,345,6,,-0.351,-0.191
119,House,22541,71,47,CA,100,,,"MIN, Dave",M001241,1976.0,,-0.22,0.011,-43.29229,0.88239,346,20,,-0.234,0.076
119,House,22550,71,29,CA,100,,,"RIVAS, Luz M.",R000620,1974.0,,-0.487,-0.335,-6.91345,0.9801,344,2,,-0.497,-0.284
119,House,22553,71,12,CA,100,,,"SIMON, Lateefah",S001231,1977.0,,-0.604,-0.325,-15.16292,0.95613,338,9,,-0.623,-0.284
119,House,22556,71,45,CA,100,,,"TRAN, Derek",T000491,1980.0,,-0.246,0.193,-27.35663,0.92398,346,13,,-0.245,0.189
119,House,22559,71,27,CA,100,,,"WHITESIDES, George",W000830,1974.0,,-0.199,0.205,-23.87598,0.9316,337,7,,-0.198,0.203
119,House,29106,71,43,CA,100,,,"WATERS, Maxine",W000187,1938.0,,-0.656,-0.094,-10.68892,0.96841,333,3,,-0.645,0.039
119,House,29323,71,41,CA,200,,,"CALVERT, Ken",C000059,1953.0,,0.339,0.278,-6.88043,0.98031,346,1,,0.349,0.672
119,House,29504,71,18,CA,100,,,"LOFGREN, Zoe",L000397,1947.0,,-0.397,-0.402,-16.1675,0.95329,338,6,,-0.337,-0.232
119,House,29707,71,32,CA,100,,,"SHERMAN, Brad",S000344,1954.0,,-0.344,-0.138,-22.12793,0.93681,339,11,,-0.484,0.121
119,House,29901,71,4,CA,100,,,"THOMPSON, Michael",T000460,1951.0,,-0.392,0.071,-27.48741,0.9232,344,10,,-0.397,0.218
119,House,21912,62,6,CO,100,,,"CROW, Jason",C001121,1979.0,,-0.365,0.213,-28.93457,0.91978,346,12,,-0.44,0.15
119,House,21948,62,2,CO,100,,,"NEGUSE, Joseph",N000191,1984.0,,-0.434,-0.108,-16.55965,0.95327,346,6,,-0.558,0.103
119,House,22103,62,4,CO,200,,,"BOEBERT, Lauren",B000825,1986.0,,0.718,-0.521,-40.01717,0.88709,334,15,,0.609,-0.624
119,House,22359,62,7,CO,100,,,"PETTERSEN, Brittany",P000620,1981.0,,-0.369,0.311,-28.49081,0.90325,280,10,,-0.449,0.352
119,House,22509,62,5,CO,200,,,"CRANK, Jeff",C001137,1967.0,,0.633,-0.216,-32.10583,0.91163,347,15,,0.623,-0.238
119,House,22513,62,8,CO,200,,,"EVANS, Gabe",E000300,1986.0,,0.328,-0.034,-29.51224,0.91847,347,13,,0.327,-0.035
119,House,22526,62,3,CO,200,,,"HURD, Jeff",H001100,1979.0,,0.311,0.27,-17.69934,0.94985,344,7,,0.317,0.243
119,House,29710,62,1,CO,100,,,"DeGETTE, Diana",D000197,1957.0,,-0.431,-0.308,-11.47064,0.96711,343,5,,-0.566,-0.161
119,House,20706,1,2,CT,100,,,"COURTNEY, Joe",C001069,1953.0,,-0.337,0.042,-22.91204,0.93048,318,10,,-0.291,0.036
119,House,20907,1,4,CT,100,,,"HIMES, James A.",H001047,1966.0,,-0.241,-0.207,-20.62365,0.94164,343,8,,-0.223,-0.225
119,House,21931,1,5,CT,100,,,"HAYES, Jahana",H001081,1973.0,,-0.339,-0.041,-20.75263,0.94146,344,12,,-0.383,-0.061
119,House,29109,1,3,CT,100,,,"DeLAURO, Rosa L.",D000216,1943.0,,-0.414,-0.107,-17.82749,0.94935,343,5,,-0.329,-0.241
119,House,29908,1,1,CT,100,,,"LARSON, John B.",L000557,1948.0,,-0.396,-0.039,-15.56169,0.95448,334,5,,-0.362,-0.181
119,House,22535,11,1,DE,100,,,"MCBRIDE, Sarah",M001238,1990.0,,-0.267,-0.296,-21.18522,0.94027,344,10,,-0.259,-0.342
119,House,21993,55,0,DC,100,,,"NORTON, Eleanor Holmes",N000147,1937.0,,-0.491,-0.114,-0.05062,0.99874,40,0,,-0.497,-0.198
119,House,20316,43,26,FL,200,,,"DIAZ-BALART, Mario",D000600,1961.0,,0.281,0.162,-10.03115,0.97006,330,1,,0.345,0.703
119,House,20504,43,25,FL,100,,,"WASSERMAN SCHULTZ, Debbie",W000797,1966.0,,-0.413,0.104,-20.85896,0.94066,341,11,,-0.362,0.175
119,House,20708,43,14,FL,100,,,"CASTOR, Kathy",C001066,1966.0,,-0.437,0.072,-17.00701,0.95064,336,4,,-0.466,0.169
119,House,20709,43,16,FL,200,,,"BUCHANAN, Vernon G.",B001260,1951.0,,0.361,-0.08,-17.49357,0.9468,320,4,,0.376,0.164
119,House,20758,43,12,FL,200,,,"BILIRAKIS, Gus",B001257,1963.0,,0.423,-0.03,-18.189,0.947,334,10,,0.541,0.33
119,House,21116,43,11,FL,200,,,"WEBSTER, Daniel A.",W000806,1949.0,,0.524,-0.076,-19.82636,0.94368,342,7,,0.681,0.238
119,House,21118,43,24,FL,100,,,"WILSON, Frederica",W000808,1942.0,,-0.476,-0.004,-11.66104,0.96124,295,5,,-0.452,0.087
119,House,21321,43,22,FL,100,,,"FRANKEL, Lois",F000462,1948.0,,-0.396,-0.022,-13.13852,0.9612,332,7,,-0.45,0.301
119,House,21714,43,2,FL,200,,,"DUNN, Neal Patrick",D000628,1953.0,,0.508,0.334,-10.53672,0.96731,317,8,,0.6,0.498
119,House,21735,43,21,FL,200,,,"MAST, Brian Jeffery",M001199,1980.0,,0.461,-0.333,-33.11962,0.90666,338,17,,0.537,0.042
119,House,21744,43,5,FL,200,,,"RUTHERFORD, John Henry",R000609,1952.0,,0.434,0.066,-12.68053,0.95736,291,6,,0.552,0.275
119,House,21746,43,9,FL,100,,,"SOTO, Darren Michael",S001200,1978.0,,-0.343,0.202,-29.9399,0.91711,346,15,,-0.327,0.299
119,House,21971,43,17,FL,200,,,"STEUBE, William",S001214,1978.0,,0.69,-0.352,-32.02935,0.90984,339,17,,0.699,-0.507
119,House,21981,43,6,FL,200,,,"WALTZ, Michael",W000823,1974.0,,0.452,-0.113,-0.00399,0.99934,6,0,,0.682,0.732
119,House,22107,43,3,FL,200,,,"CAMMACK, Kat",C001039,1988.0,,0.591,-0.25,-27.68926,0.92309,346,10,,0.606,-0.334
119,House,22111,43,19,FL,200,,,"DONALDS, Byron",D000032,1978.0,,0.638,-0.297,-31.63928,0.90415,314,15,,0.559,-0.492
119,House,22116,43,18,FL,200,,,"FRANKLIN, C. Scott",F000472,1964.0,,0.624,0.199,-15.09801,0.95718,345,6,,0.713,0.529
119,House,22118,43,28,FL,200,,,"GIMENEZ, Carlos A.",G000593,1954.0,,0.332,0.149,-7.71563,0.97565,313,1,,0.344,0.686
119,House,22150,43,27,FL,200,,,"SALAZAR, Maria Elvira",S000168,1961.0,,0.274,0.154,-22.28096,0.92888,302,10,,0.333,0.008
119,House,22163,43,20,FL,100,,,"CHERFILUS-MCCORMICK, Sheila",C001127,1979.0,,-0.43,-0.005,-18.68813,0.94652,340,8,,-0.442,0.312
119,House,22302,43,4,FL,200,,,"BEAN, Aaron",B001314,1967.0,,0.69,-0.154,-25.79132,0.92837,347,14,,0.713,-0.23
119,House,22321,43,10,FL,100,,,"FROST, Maxwell",F000476,1997.0,,-0.44,-0.711,-6.31327,0.98187,345,2,,-0.499,-0.708
119,House,22341,43,15,FL,200,,,"LEE, Laurel",L000597,1974.0,,0.416,0.15,-21.48809,0.93505,320,11,,0.47,0.038
119,House,22343,43,13,FL,200,,,"LUNA, Anna",L000596,1989.0,,0.564,-0.492,-44.10047,0.87455,329,17,,0.535,-0.444
119,House,22350,43,7,FL,200,,,"MILLS, Cory",M001216,1980.0,,0.602,-0.316,-27.8927,0.92146,341,12,,0.606,-0.326
119,House,22353,43,23,FL,100,,,"MOSKOWITZ, Jared",M001217,1980.0,,-0.228,0.312,-37.53093,0.89607,342,10,,-0.218,0.317
119,House,22523,43,8,FL,200,,,"HARIDOPOLOS, Mike",H001099,1970.0,,0.42,0.074,-20.61209,0.94151,342,9,,0.407,0.075
119,House,22562,43,6,FL,200,,,"FINE, Randy",F000484,1974.0,,0.591,-0.24,-36.95606,0.87838,285,17,,0.66,-0.117
119,House,22563,43,1,FL,200,,,"PATRONIS, Jimmy",P000622,1972.0,,0.555,-0.011,-30.06055,0.90023,286,14,,0.546,-0.023
119,House,20321,44,13,GA,100,,,"SCOTT, David",S001157,1945.0,,-0.305,0.165,-24.15678,0.93238,345,12,,-0.381,-0.029
119,House,20712,44,4,GA,100,,,"JOHNSON, Hank",J000288,1954.0,,-0.478,-0.056,-20.24467,0.94186,338,6,,-0.591,0.031
119,House,21123,44,8,GA,200,,,"SCOTT, Austin",S001189,1969.0,,0.539,0.358,-25.20485,0.92955,345,11,,0.748,0.568
119,House,21513,44,1,GA,200,,,"CARTER, Buddy",C001103,1957.0,,0.559,0.343,-10.36834,0.96879,327,2,,0.673,0.556
119,House,21515,44,11,GA,200,,,"LOUDERMILK, Barry D.",L000583,1963.0,,0.679,0.036,-19.17668,0.94436,335,11,,0.641,0.247
119,House,21516,44,12,GA,200,,,"ALLEN, Rick W.",A000372,1951.0,,0.69,0.274,-15.63629,0.95569,345,4,,0.67,0.242
119,House,21944,44,6,GA,100,,,"McBATH, Lucy",M001208,1960.0,,-0.371,0.314,-19.3976,0.94136,321,9,,-0.458,0.543
119,House,22110,44,9,GA,200,,,"CLYDE, Andrew S.",C001116,1963.0,,0.828,-0.138,-28.556,0.92034,344,12,,0.892,-0.182
119,House,22121,44,14,GA,200,,,"GREENE, Marjorie Taylor",G000596,1974.0,,0.8,-0.6,-38.98234,0.86783,275,18,,0.637,-0.647
119,House,22156,44,5,GA,100,,,"WILLIAMS, Nikema",W000788,1978.0,,-0.447,-0.397,-6.62111,0.98043,335,2,,-0.59,-0.148
119,House,22310,44,10,GA,200,,,"COLLINS, Mike",C001129,1967.0,,0.682,-0.242,-25.65081,0.92774,342,10,,0.728,-0.183
119,House,22346,44,7,GA,200,,,"MCCORMICK, Rich",M001218,1968.0,,0.891,0.454,-27.32544,0.92385,345,11,,0.934,0.358
119,House,22527,44,3,GA,200,,,"JACK, Brian",J000311,1988.0,,0.538,-0.0,-19.95125,0.94413,347,11,,0.559,0.028
119,House,29339,44,2,GA,100,,,"BISHOP, Sanford Dixon, Jr.",B000490,1947.0,,-0.289,0.447,-52.7736,0.85701,342,27,,-0.454,0.766
119,House,22373,94,0,GU,200,,,"MOYLAN, James",M001219,1962.0,,0.362,0.166,-24.92329,0.50987,37,8,,0.13,0.059
119,House,20322,82,1,HI,100,,,"CASE, Ed",C001055,1952.0,,-0.205,-0.081,-42.49742,0.88379,344,20,,-0.21,-0.18
119,House,22369,82,2,HI,100,,,"TOKUDA, Jill",T000487,1976.0,,-0.475,-0.339,-6.28347,0.982,346,3,,-0.517,-0.128
119,House,21920,63,1,ID,200,,,"FULCHER, Russell",F000469,1962.0,,0.648,-0.096,-26.67188,0.92498,342,13,,0.758,-0.037
119,House,29910,63,2,ID,200,,,"SIMPSON, Michael K.",S001148,1950.0,,0.296,0.314,-8.18772,0.97614,339,3,,0.307,0.579
119,House,20749,21,11,IL,100,,,"FOSTER, Bill",F000454,1955.0,,-0.238,-0.224,-17.22282,0.9513,345,5,,-0.253,-0.326
119,House,20954,21,5,IL,100,,,"QUIGLEY, Mike",Q000023,1958.0,,-0.325,-0.226,-16.27113,0.95231,333,8,,-0.316,-0.104
119,House,21326,21,10,IL,100,,,"SCHNEIDER, Brad",S001190,1961.0,,-0.197,-0.12,-26.4096,0.92484,338,10,,-0.287,0.014
119,House,21371,21,2,IL,100,,,"KELLY, Robin L.",K000385,1956.0,,-0.473,-0.024,-8.31672,0.97618,345,3,,-0.466,-0.34
119,House,21519,21,12,IL,200,,,"BOST, Mike",B001295,1960.0,,0.401,-0.046,-28.49452,0.9205,344,15,,0.47,-0.192
119,House,21562,21,16,IL,200,,,"LaHOOD, Darin",L000585,1968.0,,0.461,0.221,-19.17596,0.94184,320,11,,0.631,0.776
119,House,21730,21,8,IL,100,,,"KRISHNAMOORTHI, S. Raja",K000391,1973.0,,-0.347,-0.015,-17.08836,0.95126,342,9,,-0.431,-0.115
119,House,21906,21,6,IL,100,,,"CASTEN, Sean",C001117,1971.0,,-0.634,0.421,-14.49218,0.95863,343,6,,-0.546,0.207
119,House,21921,21,4,IL,100,,,"GARCÍA, Jesús",G000586,1956.0,,-0.432,-0.88,-14.36331,0.95875,341,4,,-0.412,-0.9
119,House,21979,21,14,IL,100,,,"UNDERWOOD, Lauren",U000040,1986.0,,-0.594,0.319,-7.49006,0.97859,346,2,,-0.554,0.071
119,House,22138,21,15,IL,200,,,"MILLER, Mary E.",M001211,1959.0,,0.791,-0.154,-18.61745,0.94656,339,7,,0.788,-0.194
119,House,22304,21,13,IL,100,,,"BUDZINSKI, Nikki",B001315,1977.0,,-0.32,0.436,-30.7005,0.91533,347,9,,-0.285,0.2
119,House,22330,21,1,IL,100,,,"JACKSON, Jonathan",J000309,1966.0,,-0.346,-0.449,-27.18847,0.92114,331,11,,-0.293,-0.386
119,House,22360,21,3,IL,100,,,"RAMIREZ, Delia",R000617,1983.0,,-0.496,-0.868,-13.01627,0.96167,333,6,,-0.579,-0.815
119,House,22365,21,17,IL,100,,,"SORENSEN, Eric",S001225,1976.0,,-0.239,0.241,-22.852,0.93627,347,8,,-0.211,0.086
119,House,29717,21,7,IL,100,,,"DAVIS, Danny K.",D000096,1941.0,,-0.487,-0.266,-4.98245,0.98528,336,1,,-0.502,-0.277
119,House,29911,21,9,IL,100,,,"SCHAKOWSKY, Janice D.",S001145,1944.0,,-0.602,-0.289,-5.2383,0.98462,338,2,,-0.583,-0.17
119,House,20757,22,7,IN,100,,,"CARSON, André",C001072,1974.0,,-0.435,0.027,-23.69666,0.93287,341,4,,-0.41,-0.289
119,House,21100,22,3,IN,200,,,"STUTZMAN, Marlin",S001188,1976.0,,0.722,-0.094,-22.61523,0.93565,340,10,,0.628,-0.04
119,House,21903,22,4,IN,200,,,"BAIRD, James",B001307,1945.0,,0.446,0.417,-12.12299,0.96361,327,4,,0.563,0.826
119,House,22142,22,1,IN,100,,,"MRVAN, Frank J.",M001214,1969.0,,-0.305,0.36,-27.71603,0.9206,335,15,,-0.289,0.357
119,House,22151,22,5,IN,200,,,"SPARTZ, Victoria",S000929,1978.0,,0.49,-0.281,-51.13656,0.854,324,19,,0.527,-0.433
119,House,22171,22,2,IN,200,,,"YAKYM, Rudy, III",Y000067,1984.0,,0.516,0.14,-12.51901,0.96457,347,4,,0.568,0.18
119,House,22326,22,9,IN,200,,,"HOUCHIN, Erin",H001093,1976.0,,0.637,0.226,-14.77969,0.95746,340,7,,0.689,0.326
119,House,22540,22,8,IN,200,,,"MESSMER, Mark B.",M001233,1962.0,,0.571,0.265,-11.74591,0.96604,340,5,,0.555,0.239
119,House,22552,22,6,IN,200,,,"SHREVE, Jefferson",S001229,1965.0,,0.49,-0.03,-14.9342,0.95727,342,3,,0.481,-0.037
119,House,22113,31,4,IA,200,,,"FEENSTRA, Randy",F000446,1969.0,,0.467,0.179,-15.01303,0.95693,341,5,,0.43,0.189
119,House,22124,31,2,IA,200,,,"HINSON, Ashley",H001091,1983.0,,0.356,0.351,-17.62611,0.94933,339,8,,0.572,0.667
119,House,22139,31,1,IA,200,,,"MILLER-MEEKS, Mariannette",M001215,1955.0,,0.335,0.196,-12.44021,0.96311,331,6,,0.326,0.245
119,House,22356,31,3,IA,200,,,"NUNN, Zach",N000193,1979.0,,0.29,0.193,-17.94249,0.94645,326,6,,0.293,0.164
119,House,21750,32,4,KS,200,,,"ESTES, Ron",E000298,1956.0,,0.648,0.124,-27.75021,0.92271,345,11,,0.809,0.588
119,House,21914,32,3,KS,100,,,"DAVIDS, Sharice",D000629,1980.0,,-0.263,0.224,-37.6538,0.89689,346,16,,-0.195,-0.047
119,House,22134,32,1,KS,200,,,"MANN, Tracey",M000871,1976.0,,0.607,0.06,-14.81937,0.95819,347,6,,0.632,0.041
119,House,22551,32,2,KS,200,,,"SCHMIDT, Derek",S001228,1968.0,,0.733,0.092,-30.5687,0.91473,343,15,,0.731,0.087
119,House,14854,51,5,KY,200,,,"ROGERS, Harold Dallas (Hal)",R000395,1937.0,,0.333,0.154,-7.87522,0.97724,342,0,,0.397,0.83
119,House,20916,51,2,KY,200,,,"GUTHRIE, Brett",G000558,1964.0,,0.427,0.274,-6.33606,0.98175,344,0,,0.427,0.756
119,House,21333,51,6,KY,200,,,"BARR, Garland H. (Andy) IV",B001282,1973.0,,0.489,0.29,-14.22733,0.95793,331,11,,0.611,0.232
119,House,21565,51,1,KY,200,,,"COMER, James",C001108,1972.0,,0.592,-0.073,-21.86011,0.93737,338,9,,0.535,-0.232
119,House,22347,51,3,KY,100,,,"MCGARVEY, Morgan",M001220,1979.0,,-0.502,-0.035,-13.43589,0.96191,346,9,,-0.419,-0.287
119,House,31102,51,4,KY,200,,,"MASSIE, Thomas",M001184,1971.0,,0.662,-0.75,-109.54974,0.71679,329,38,,0.526,-0.851
119,House,20759,45,1,LA,200,,,"SCALISE, Steve",S001176,1965.0,,0.559,0.163,-14.92001,0.95682,338,5,,0.551,-0.002
119,House,21724,45,3,LA,200,,,"HIGGINS, Clay",H001077,1961.0,,0.627,-0.319,-24.6373,0.9303,341,11,,0.816,-0.145
119,House,21727,45,4,LA,200,,,"JOHNSON, Mike",J000299,1972.0,,0.565,0.025,-2.3086,0.99149,270,0,,0.556,0.574
119,House,22157,45,5,LA,200,,,"LETLOW, Julia",L000595,1981.0,,0.43,0.336,-19.96373,0.94297,340,10,,0.531,0.141
119,House,22158,45,2,LA,100,,,"CARTER, Troy",C001125,1963.0,,-0.517,0.259,-16.47991,0.95282,341,6,,-0.52,0.414
119,House,29354,45,6,LA,100,,,"FIELDS, Cleo",F000110,1962.0,,-0.456,0.11,-19.47998,0.94318,333,9,,-0.468,0.396
119,House,20920,2,1,ME,100,,,"PINGREE, Chellie",P000597,1955.0,,-0.423,-0.36,-10.09121,0.96979,329,4,,-0.577,0.056
119,House,21923,2,2,ME,100,,,"GOLDEN, Jared",G000592,1982.0,,-0.105,0.38,-61.16708,0.83796,346,22,,-0.136,0.531
119,House,14873,52,5,MD,100,,,"HOYER, Steny Hamilton",H000874,1939.0,,-0.381,0.122,-19.88064,0.94255,336,8,,-0.35,-0.002
119,House,15433,52,7,MD,100,,,"MFUME, Kweisi",M000687,1948.0,,-0.44,-0.328,-11.92416,0.9643,328,5,,-0.365,-0.268
119,House,21139,52,1,MD,200,,,"HARRIS, Andy",H001052,1957.0,,0.674,-0.37,-45.65874,0.87329,337,22,,0.779,-0.243
119,House,21741,52,8,MD,100,,,"RASKIN, Jamie Ben",R000606,1962.0,,-0.503,-0.237,-9.83819,0.97181,344,5,,-0.403,-0.337
119,House,22329,52,4,MD,100,,,"IVEY, Glenn",I000058,1961.0,,-0.464,-0.034,-10.68617,0.96915,341,3,,-0.402,-0.19
119,House,22512,52,3,MD,100,,,"ELFRETH, Sarah",E000301,1988.0,,-0.415,0.101,-17.83053,0.94991,347,7,,-0.411,0.079
119,House,22536,52,6,MD,100,,,"MCCLAIN DELANEY, April",M001232,1964.0,,-0.306,0.23,-23.66065,0.93278,340,7,,-0.305,0.225
119,House,22545,52,2,MD,100,,,"OLSZEWSKI, Johnny, Jr.",O000176,1982.0,,-0.356,-0.109,-10.88792,0.96893,345,4,,-0.35,-0.142
119,House,15616,3,1,MA,100,,,"NEAL, Richard Edmund",N000015,1949.0,,-0.417,-0.105,-10.66253,0.96821,330,4,,-0.402,-0.052
119,House,20119,3,8,MA,100,,,"LYNCH, Stephen F.",L000562,1955.0,,-0.342,0.048,-37.87995,0.89457,340,17,,-0.191,-0.282
119,House,21140,3,9,MA,100,,,"KEATING, William R.",K000375,1952.0,,-0.329,-0.102,-19.45735,0.94374,336,9,,-0.247,-0.42
119,House,21375,3,5,MA,100,,,"CLARK, Katherine M.",C001101,1963.0,,-0.479,-0.259,-14.094,0.96008,346,6,,-0.481,0.084
119,House,21525,3,6,MA,100,,,"MOULTON, Seth",M001196,1978.0,,-0.286,-0.044,-20.63938,0.93828,324,7,,-0.346,-0.059
119,House,21955,3,7,MA,100,,,"PRESSLEY, Ayanna",P000617,1974.0,,-0.373,-0.928,-12.38209,0.96454,343,4,,-0.487,-0.799
119,House,21977,3,3,MA,100,,,"TRAHAN, Lori",T000482,1973.0,,-0.408,-0.129,-15.03956,0.95558,331,7,,-0.379,0.004
119,House,22100,3,4,MA,100,,,"AUCHINCLOSS, Jake",A000148,1988.0,,-0.274,-0.284,-31.24097,0.91146,337,13,,-0.216,-0.332
119,House,29729,3,2,MA,100,,,"McGOVERN, James P.",M000312,1959.0,,-0.538,-0.344,-10.10589,0.97028,335,5,,-0.491,-0.643
119,House,20725,23,5,MI,200,,,"WALBERG, Tim",W000798,1951.0,,0.498,0.165,-11.42794,0.96732,344,6,,0.525,0.634
119,House,21142,23,4,MI,200,,,"HUIZENGA, Bill",H001058,1969.0,,0.531,0.055,-15.5617,0.95526,340,8,,0.458,0.688
119,House,21526,23,2,MI,200,,,"MOOLENAAR, John",M001194,1961.0,,0.447,0.173,-9.4421,0.97308,346,1,,0.434,0.767
119,House,21529,23,6,MI,100,,,"DINGELL, Debbie",D000624,1953.0,,-0.402,-0.185,-7.42977,0.97845,341,2,,-0.451,-0.113
119,House,21704,23,1,MI,200,,,"BERGMAN, John",B001301,1947.0,,0.433,0.084,-13.03706,0.96216,338,7,,0.515,0.338
119,House,21972,23,11,MI,100,,,"STEVENS, Haley",S001215,1983.0,,-0.371,0.259,-27.0023,0.92472,345,11,,-0.381,0.415
119,House,21975,23,12,MI,100,,,"TLAIB, Rashida",T000481,1976.0,,-0.29,-0.957,-23.98808,0.9311,336,10,,-0.747,-0.665
119,House,22136,23,9,MI,200,,,"MCCLAIN, Lisa C.",M001136,1966.0,,0.548,0.171,-13.72937,0.96031,339,8,,0.462,0.62
119,House,22332,23,10,MI,200,,,"JAMES, John",J000307,1981.0,,0.318,0.419,-11.09664,0.96602,321,3,,0.404,0.304
119,House,22363,23,3,MI,100,,,"SCHOLTEN, Hillary",S001221,1982.0,,-0.257,0.23,-32.57146,0.90865,340,15,,-0.262,0.277
119,House,22368,23,13,MI,100,,,"THANEDAR, Shri",T000488,1955.0,,-0.357,-0.034,-26.41008,0.9261,344,14,,-0.369,-0.016
119,House,22501,23,7,MI,200,,,"BARRETT, Tom",B001321,1981.0,,0.567,-0.052,-27.25645,0.92382,344,10,,0.557,-0.069
119,House,22537,23,8,MI,100,,,"MCDONALD RIVET, Kristen",M001237,1970.0,,-0.232,0.343,-39.20645,0.89316,347,18,,-0.231,0.343
119,House,20122,33,4,MN,100,,,"McCOLLUM, Betty",M001143,1954.0,,-0.419,-0.186,-6.89076,0.98011,343,2,,-0.421,-0.3
119,House,21531,33,6,MN,200,,,"EMMER, Thomas Earl II",E000294,1961.0,,0.467,-0.068,-12.72192,0.9639,346,4,,0.539,0.132
119,House,21910,33,2,MN,100,,,"CRAIG, Angela",C001119,1972.0,,-0.274,0.548,-54.966,0.85311,346,24,,-0.274,0.095
119,House,21950,33,5,MN,100,,,"OMAR, Ilhan",O000173,1982.0,,-0.296,-0.955,-20.3838,0.94164,339,9,,-0.372,-0.867
119,House,21969,33,8,MN,200,,,"STAUBER, Peter",S001212,1966.0,,0.384,-0.101,-26.94827,0.92465,344,11,,0.407,-0.15
119,House,22114,33,7,MN,200,,,"FISCHBACH, Michelle",F000470,1965.0,,0.539,-0.024,-14.95026,0.95759,345,6,,0.564,0.055
119,House,22167,33,1,MN,200,,,"FINSTAD, Brad",F000475,1976.0,,0.55,-0.035,-14.28602,0.95897,341,6,,0.566,0.041
119,House,22544,33,3,MN,100,,,"MORRISON, Kelly",M001234,1969.0,,-0.302,-0.28,-11.67757,0.96681,346,4,,-0.293,-0.327
119,House,21561,46,1,MS,200,,,"KELLY, Trent",K000388,1966.0,,0.637,0.292,-11.4447,0.96718,343,5,,0.586,0.176
119,House,21927,46,3,MS,200,,,"GUEST, Michael",G000591,1970.0,,0.53,0.119,-20.80305,0.94148,345,12,,0.501,0.0
119,House,22319,46,4,MS,200,,,"EZELL, Mike",E000235,1959.0,,0.544,0.136,-23.96219,0.9329,345,14,,0.469,-0.066
119,House,29368,46,2,MS,100,,,"THOMPSON, Bennie",T000193,1948.0,,-0.519,0.39,-13.63655,0.96069,340,5,,-0.658,0.496
119,House,20124,34,6,MO,200,,,"GRAVES, Samuel",G000546,1963.0,,0.449,0.162,-11.79324,0.9651,332,7,,0.618,0.44
119,House,20517,34,5,MO,100,,,"CLEAVER, Emanuel, II",C001061,1944.0,,-0.454,0.0,-8.64724,0.97467,337,1,,-0.484,-0.013
119,House,21337,34,2,MO,200,,,"WAGNER, Ann",W000812,1962.0,,0.391,0.301,-6.71929,0.9806,343,2,,0.427,0.757
119,House,21373,34,8,MO,200,,,"SMITH, Jason",S001195,1980.0,,0.577,0.202,-18.44271,0.9472,340,10,,0.514,-0.004
119,House,22300,34,4,MO,200,,,"ALFORD, Mark",A000379,1963.0,,0.562,0.064,-25.9476,0.92673,341,13,,0.434,0.555
119,House,22305,34,7,MO,200,,,"BURLISON, Eric",B001316,1976.0,,0.733,-0.536,-25.82657,0.92623,337,10,,0.837,-0.547
119,House,22504,34,1,MO,100,,,"BELL, Wesley",B001324,1974.0,,-0.507,0.515,-19.8321,0.94382,343,9,,-0.507,0.513
119,House,22546,34,3,MO,200,,,"ONDER, Robert F., Jr.",O000177,1962.0,,0.674,-0.189,-27.42594,0.92184,337,17,,0.665,-0.209
119,House,21532,64,1,MT,200,,,"ZINKE, Ryan",Z000018,1961.0,,0.441,-0.13,-27.36078,0.92246,339,12,,0.451,-0.064
119,House,22511,64,2,MT,200,,,"DOWNING, Troy",D000634,1967.0,,0.842,0.41,-20.72137,0.94203,347,10,,0.841,0.409
119,House,20729,35,3,NE,200,,,"SMITH, Adrian",S001172,1970.0,,0.509,0.255,-15.87717,0.95438,340,6,,0.392,0.278
119,House,21701,35,2,NE,200,,,"BACON, Donald J.",B001298,1963.0,,0.281,0.182,-47.80033,0.87062,345,15,,0.219,0.158
119,House,22166,35,1,NE,200,,,"FLOOD, Mike",F000474,1975.0,,0.445,0.689,-18.93807,0.94644,344,6,,0.347,0.415
119,House,20927,65,1,NV,100,,,"TITUS, Alice (Dina)",T000468,1950.0,,-0.297,-0.159,-23.2504,0.92706,307,14,,-0.294,0.028
119,House,21196,65,2,NV,200,,,"AMODEI, Mark E.",A000369,1958.0,,0.384,0.211,-18.13419,0.94776,338,4,,0.354,0.211
119,House,21339,65,4,NV,100,,,"HORSFORD, Steven",H001066,1973.0,,-0.316,0.16,-35.88516,0.90094,344,17,,-0.319,0.424
119,House,21938,65,3,NV,100,,,"LEE, Susie",L000590,1966.0,,-0.228,0.301,-32.68035,0.90937,344,15,,-0.206,0.244
119,House,21951,4,1,NH,100,,,"PAPPAS, Chris",P000614,1980.0,,-0.234,0.321,-22.97509,0.93575,346,6,,-0.206,0.162
119,House,22520,4,2,NH,100,,,"GOODLANDER, Maggie",G000604,1986.0,,-0.211,0.137,-22.56947,0.93685,346,6,,-0.209,0.133
119,House,14863,12,4,NJ,200,,,"SMITH, Christopher Henry",S000522,1953.0,,0.183,-0.173,-77.70127,0.79834,345,27,,0.362,-0.18
119,House,15454,12,6,NJ,100,,,"PALLONE, Frank, Jr.",P000034,1951.0,,-0.402,-0.162,-17.43187,0.95059,344,5,,-0.502,0.172
119,House,21536,12,1,NJ,100,,,"NORCROSS, Donald",N000188,1958.0,,-0.42,0.339,-20.56937,0.92742,273,9,,-0.431,0.257
119,House,21538,12,12,NJ,100,,,"WATSON COLEMAN, Bonnie",W000822,1945.0,,-0.594,-0.223,-5.55457,0.98398,344,2,,-0.567,-0.259
119,House,21723,12,5,NJ,100,,,"GOTTHEIMER, Josh S.",G000583,1975.0,,-0.164,0.212,-28.89194,0.9061,293,10,,-0.234,0.347
119,House,21964,12,11,NJ,100,,,"SHERRILL, Mikie",S001207,1972.0,,-0.234,0.243,-6.51276,0.9454,116,2,,-0.23,0.026
119,House,22334,12,7,NJ,200,,,"KEAN, Thomas",K000398,1968.0,,0.2,0.354,-17.70377,0.94998,345,6,,0.236,0.199
119,House,22348,12,8,NJ,100,,,"MENENDEZ, Robert",M001226,1985.0,,-0.521,0.247,-14.88426,0.95801,347,8,,-0.579,0.197
119,House,22381,12,10,NJ,100,,,"MCIVER, LaMonica",M001229,1986.0,,-0.557,-0.188,-5.59464,0.98396,346,2,,-0.567,-0.259
119,House,22508,12,3,NJ,100,,,"CONAWAY, Herbert C., Jr.",C001136,1963.0,,-0.29,0.055,-19.19786,0.94494,339,7,,-0.287,0.041
119,House,22547,12,9,NJ,100,,,"POU, Nellie",P000621,1956.0,,-0.32,0.109,-18.42257,0.94815,346,8,,-0.317,0.095
119,House,91980,12,2,NJ,200,,,"VAN DREW, Jefferson",V000133,1953.0,,0.382,-0.419,-41.12148,0.88702,343,19,,0.367,-0.22
119,House,22131,66,3,NM,100,,,"LEGER FERNANDEZ, Teresa",L000273,1959.0,,-0.368,-0.181,-12.36477,0.96267,325,6,,-0.42,-0.18
119,House,22159,66,1,NM,100,,,"STANSBURY, Melanie Ann",S001218,1979.0,,-0.442,-0.217,-8.16305,0.97607,337,4,,-0.378,-0.487
119,House,22371,66,2,NM,100,,,"VASQUEZ, Gabriel",V000136,1984.0,,-0.325,0.554,-36.80216,0.89798,342,16,,-0.357,0.648
119,House,20733,13,9,NY,100,,,"CLARKE, Yvette Diane",C001067,1964.0,,-0.606,-0.263,-8.24884,0.97603,340,5,,-0.579,-0.471
119,House,20934,13,20,NY,100,,,"TONKO, Paul",T000469,1949.0,,-0.416,-0.263,-7.95255,0.97695,341,3,,-0.494,-0.207
119,House,21342,13,6,NY,100,,,"MENG, Grace",M001188,1975.0,,-0.37,-0.207,-13.79598,0.95918,331,7,,-0.401,0.024
119,House,21343,13,8,NY,100,,,"JEFFRIES, Hakeem",J000294,1970.0,,-0.482,-0.063,-10.24315,0.97083,346,5,,-0.439,-0.003
119,House,21541,13,21,NY,200,,,"STEFANIK, Elise M",S001196,1984.0,,0.307,-0.109,-18.76986,0.93795,293,7,,0.487,0.47
119,House,21715,13,13,NY,100,,,"ESPAILLAT, Adriano J.",E000297,1954.0,,-0.529,-0.211,-9.56909,0.97257,344,4,,-0.471,-0.248
119,House,21747,13,3,NY,100,,,"SUOZZI, Thomas",S001201,1962.0,,-0.213,0.159,-53.13243,0.85374,336,24,,-0.169,0.249
119,House,21749,13,24,NY,200,,,"TENNEY, Claudia",T000478,1961.0,,0.464,0.018,-12.31132,0.96494,345,4,,0.56,0.391
119,House,21761,13,25,NY,100,,,"MORELLE, Joseph D.",M001206,1957.0,,-0.333,0.156,-21.01826,0.93971,338,11,,-0.316,0.093
119,House,21949,13,14,NY,100,,,"OCASIO-CORTEZ, Alexandria",O000172,1989.0,,-0.33,-0.944,-12.81255,0.96344,344,5,,-0.523,-0.812
119,House,22117,13,2,NY,200,,,"GARBARINO, Andrew R.",G000597,1984.0,,0.244,0.236,-16.43415,0.9517,332,9,,0.245,0.227
119,House,22133,13,11,NY,200,,,"MALLIOTAKIS, Nicole",M000317,1980.0,,0.335,-0.079,-34.79587,0.90406,345,13,,0.297,-0.028
119,House,22154,13,15,NY,100,,,"TORRES, Ritchie",T000486,1988.0,,-0.31,-0.094,-22.09547,0.93599,334,12,,-0.323,0.095
119,House,22169,13,18,NY,100,,,"RYAN, Patrick",R000579,1982.0,,-0.226,0.218,-30.80064,0.91483,346,12,,-0.187,0.047
119,House,22324,13,10,NY,100,,,"GOLDMAN, Daniel",G000599,1976.0,,-0.444,0.127,-25.54681,0.92304,319,11,,-0.581,0.495
119,House,22337,13,1,NY,200,,,"LALOTA, Nicholas",L000598,1978.0,,0.25,0.088,-22.02985,0.93726,340,10,,0.231,0.099
119,House,22339,13,23,NY,200,,,"LANGWORTHY, Nick",L000600,1981.0,,0.425,-0.033,-16.37327,0.95325,342,7,,0.48,0.215
119,House,22340,13,17,NY,200,,,"LAWLER, Michael",L000599,1986.0,,0.19,0.231,-26.30464,0.92555,340,8,,0.211,0.1
119,House,22377,13,26,NY,100,,,"KENNEDY, Timothy M.",K000402,1976.0,,-0.381,0.28,-19.04538,0.94644,346,8,,-0.377,0.226
119,House,22518,13,4,NY,100,,,"GILLEN, Laura",G000602,1969.0,,-0.158,0.328,-35.41739,0.89967,335,11,,-0.157,0.315
119,House,22531,13,16,NY,100,,,"LATIMER, George",L000606,1953.0,,-0.384,0.224,-14.95152,0.95722,342,5,,-0.382,0.215
119,House,22534,13,22,NY,100,,,"MANNION, John W.",M001231,1968.0,,-0.227,0.082,-29.0687,0.91942,346,11,,-0.225,0.075
119,House,22549,13,19,NY,100,,,"RILEY, Josh",R000622,1981.0,,-0.193,0.104,-25.02365,0.92884,339,5,,-0.191,0.1
119,House,29377,13,12,NY,100,,,"NADLER, Jerrold Lewis",N000002,1947.0,,-0.507,-0.478,-9.75703,0.96862,306,5,,-0.495,-0.504
119,House,29378,13,7,NY,100,,,"VELÁZQUEZ, Nydia M.",V000081,1953.0,,-0.547,-0.37,-10.10618,0.9708,341,4,,-0.593,-0.456
119,House,29776,13,5,NY,100,,,"MEEKS, Gregory W.",M001137,1953.0,,-0.415,-0.062,-14.29333,0.95823,335,7,,-0.362,-0.126
119,House,20521,47,5,NC,200,,,"FOXX, Virginia Ann",F000450,1943.0,,0.624,0.174,-12.72971,0.96367,344,5,,0.747,0.497
119,House,21346,47,9,NC,200,,,"HUDSON, Richard",H001067,1971.0,,0.524,0.205,-17.06491,0.95133,342,7,,0.505,0.066
119,House,21544,47,7,NC,200,,,"ROUZER, David",R000603,1972.0,,0.567,0.284,-13.6222,0.96106,343,3,,0.587,0.234
119,House,21545,47,12,NC,100,,,"ADAMS, Alma",A000370,1946.0,,-0.464,-0.003,-8.84715,0.97475,346,2,,-0.472,-0.002
119,House,21987,47,3,NC,200,,,"MURPHY, Gregory Francis",M001210,1963.0,,0.486,0.132,-10.38078,0.96398,283,4,,0.592,0.435
119,House,22149,47,2,NC,100,,,"ROSS, Deborah K.",R000305,1963.0,,-0.383,-0.001,-12.8427,0.96346,345,4,,-0.317,-0.213
119,House,22314,47,1,NC,100,,,"DAVIS, Don",D000230,1971.0,,-0.245,0.876,-45.86637,0.87585,346,17,,-0.214,0.838
119,House,22318,47,11,NC,200,,,"EDWARDS, Chuck",E000246,1960.0,,0.373,0.408,-43.15009,0.88179,343,9,,0.402,0.046
119,House,22320,47,4,NC,100,,,"FOUSHEE, Valerie",F000477,1956.0,,-0.498,-0.284,-7.61928,0.97797,342,3,,-0.436,-0.389
119,House,22524,47,10,NC,200,,,"HARRIGAN, Pat",H001101,1987.0,,0.975,0.223,-32.11929,0.90986,340,13,,0.975,0.223
119,House,22525,47,8,NC,200,,,"HARRIS, Mark",H001102,1966.0,,0.818,-0.147,-26.18421,0.92732,347,9,,0.888,0.003
119,House,22530,47,13,NC,200,,,"KNOTT, Brad",K000405,1986.0,,0.896,0.256,-29.31323,0.91832,344,16,,0.896,0.255
119,House,22538,47,6,NC,200,,,"MCDOWELL, Addison P.",M001240,1994.0,,0.535,-0.038,-24.29273,0.93201,345,12,,0.524,-0.055
119,House,22542,47,14,NC,200,,,"MOORE, Tim",M001236,1970.0,,0.559,0.025,-17.70508,0.94998,345,5,,0.584,0.061
119,House,22514,36,1,ND,200,,,"FEDORCHAK, Julie",F000482,1968.0,,0.625,0.184,-14.29478,0.95847,337,7,,0.618,0.174
119,House,22561,95,0,MP,200,,,"KING-HINDS, Kimberlyn",K000404,1975.0,,0.161,-0.193,-12.41043,0.71504,37,7,,0.167,-0.211
119,House,15029,24,9,OH,100,,,"KAPTUR, Marcia Carolyn (Marcy)",K000009,1946.0,,-0.341,0.132,-85.45294,0.77719,339,32,,-0.168,0.005
119,House,20342,24,10,OH,200,,,"TURNER, Michael R.",T000463,1960.0,,0.265,0.259,-28.80966,0.91806,337,10,,0.213,0.464
119,House,20738,24,4,OH,200,,,"JORDAN, Jim",J000289,1964.0,,0.712,-0.182,-22.81017,0.93437,336,11,,0.619,-0.202
119,House,20755,24,5,OH,200,,,"LATTA, Robert E.",L000566,1956.0,,0.508,0.288,-9.87965,0.97193,347,3,,0.527,0.501
119,House,21352,24,3,OH,100,,,"BEATTY, Joyce",B001281,1950.0,,-0.439,0.018,-11.7087,0.9634,314,3,,-0.564,0.396
119,House,21353,24,14,OH,200,,,"JOYCE, David",J000295,1957.0,,0.25,0.314,-23.66746,0.93218,337,10,,0.232,0.267
119,House,21564,24,8,OH,200,,,"DAVIDSON, Warren",D000626,1970.0,,0.652,-0.37,-48.60464,0.86606,338,21,,0.564,-0.563
119,House,21759,24,12,OH,200,,,"BALDERSON, Troy",B001306,1962.0,,0.462,0.196,-13.76728,0.96066,343,5,,0.54,0.269
119,House,22161,24,11,OH,100,,,"BROWN, Shontel  M.",B001313,1975.0,,-0.466,-0.096,-8.7016,0.97524,347,3,,-0.558,0.117
119,House,22162,24,15,OH,200,,,"CAREY, Mike",C001126,1971.0,,0.406,0.021,-12.89693,0.96331,345,3,,0.349,0.47
119,House,22338,24,1,OH,100,,,"LANDSMAN, Greg",L000601,1976.0,,-0.228,0.242,-31.76133,0.91205,345,14,,-0.273,0.398
119,House,22349,24,7,OH,200,,,"MILLER, Max",M001222,1988.0,,0.382,0.019,-27.48669,0.91961,328,14,,0.377,-0.116
119,House,22367,24,13,OH,100,,,"SYKES, Emilia",S001223,1986.0,,-0.325,0.18,-27.1133,0.92203,334,16,,-0.34,0.342
119,House,22379,24,6,OH,200,,,"RULLI, Michael A.",R000619,1969.0,,0.43,-0.017,-21.42485,0.93563,322,7,,0.453,0.052
119,House,22555,24,2,OH,200,,,"TAYLOR, David J.",T000490,1969.0,,0.691,0.723,-15.47889,0.95637,347,8,,0.685,0.728
119,House,20344,53,4,OK,200,,,"COLE, Tom",C001053,1949.0,,0.323,0.413,-8.75113,0.97481,343,3,,0.322,0.404
119,House,21760,53,1,OK,200,,,"HERN, Kevin",H001082,1961.0,,0.68,-0.049,-16.36671,0.95287,339,3,,0.638,-0.009
119,House,22102,53,5,OK,200,,,"BICE, Stephanie I.",B000740,1973.0,,0.413,0.331,-7.91673,0.97712,342,3,,0.462,0.527
119,House,22303,53,2,OK,200,,,"BRECHEEN, Josh",B001317,1979.0,,0.844,-0.481,-14.98022,0.95549,329,8,,0.828,-0.47
119,House,29393,53,3,OK,200,,,"LUCAS, Frank D.",L000491,1960.0,,0.361,0.453,-4.55788,0.98676,342,1,,0.427,0.756
119,House,21198,72,1,OR,100,,,"BONAMICI, Suzanne",B001278,1954.0,,-0.4,-0.416,-5.52785,0.98406,344,2,,-0.524,-0.22
119,House,22101,72,2,OR,200,,,"BENTZ, Cliff",B000668,1952.0,,0.474,0.268,-11.1158,0.96838,346,3,,0.369,0.581
119,House,22327,72,4,OR,100,,,"HOYLE, Val",H001094,1964.0,,-0.232,-0.398,-29.47584,0.91649,338,12,,-0.247,-0.466
119,House,22361,72,6,OR,100,,,"SALINAS, Andrea",S001226,1969.0,,-0.222,-0.209,-20.35367,0.94287,346,7,,-0.273,-0.231
119,House,22507,72,5,OR,100,,,"BYNUM, Janelle S.",B001326,1975.0,,-0.282,0.132,-20.40909,0.94223,343,6,,-0.279,0.123
119,House,22510,72,3,OR,100,,,"DEXTER, Maxine",D000635,1972.0,,-0.443,-0.687,-5.41538,0.98434,343,0,,-0.45,-0.673
119,House,20946,14,15,PA,200,,,"THOMPSON, Glenn",T000467,1959.0,,0.335,0.338,-6.41875,0.98141,342,2,,0.331,0.591
119,House,21167,14,16,PA,200,,,"KELLY, Mike",K000376,1948.0,,0.379,0.395,-13.15791,0.96182,338,6,,0.509,0.601
119,House,21356,14,10,PA,200,,,"PERRY, Scott",P000605,1962.0,,0.685,-0.491,-39.95874,0.88973,342,21,,0.891,-0.454
119,House,21548,14,2,PA,100,,,"BOYLE, Brendan Francis",B001296,1977.0,,-0.381,0.146,-21.56124,0.93694,331,9,,-0.314,-0.011
119,House,21566,14,3,PA,100,,,"EVANS, Dwight",E000296,1954.0,,-0.47,-0.152,-6.21904,0.98045,315,1,,-0.541,-0.091
119,House,21718,14,1,PA,200,,,"FITZPATRICK, Brian K.",F000466,1973.0,,0.141,-0.108,-67.03785,0.822,342,26,,0.173,-0.24
119,House,21745,14,11,PA,200,,,"SMUCKER, Lloyd K.",S001199,1964.0,,0.455,0.134,-11.75581,0.96531,333,5,,0.561,0.407
119,House,21762,14,5,PA,100,,,"SCANLON, Mary Gay",S001205,1959.0,,-0.462,-0.197,-9.98917,0.97096,339,6,,-0.634,0.116
119,House,21915,14,4,PA,100,,,"DEAN, Madeleine",D000631,1959.0,,-0.443,-0.07,-8.40332,0.97566,341,5,,-0.441,-0.075
119,House,21934,14,6,PA,100,,,"HOULAHAN, Christina",H001085,1967.0,,-0.261,0.221,-29.04885,0.91694,335,11,,-0.247,0.011
119,House,21936,14,13,PA,200,,,"JOYCE, John",J000302,1957.0,,0.58,-0.038,-31.39855,0.91349,347,15,,0.686,-0.074
119,House,21945,14,9,PA,200,,,"MEUSER, Dan",M001204,1964.0,,0.492,0.197,-23.83415,0.9295,326,9,,0.648,0.762
119,House,21956,14,14,PA,200,,,"RESCHENTHALER, Guy",R000610,1983.0,,0.446,0.058,-12.21309,0.96522,345,8,,0.592,0.322
119,House,22316,14,17,PA,100,,,"DELUZIO, Chris",D000530,1984.0,,-0.26,-0.13,-28.74852,0.92049,347,13,,-0.327,-0.015
119,House,22342,14,12,PA,100,,,"LEE, Summer",L000602,1987.0,,-0.414,-0.91,-12.18699,0.96549,347,5,,-0.622,-0.738
119,House,22506,14,8,PA,200,,,"BRESNAHAN, Robert P., Jr.",B001327,1990.0,,0.252,0.04,-28.11809,0.92173,345,13,,0.247,0.054
119,House,22533,14,7,PA,200,,,"MACKENZIE, Ryan",M001230,1982.0,,0.295,-0.199,-46.04519,0.87506,345,18,,0.287,-0.19
119,House,22560,92,0,PR,100,,,"HERNÁNDEZ, Pablo José",H001103,1991.0,,-0.496,-0.194,-0.03406,0.99915,40,0,,-0.496,-0.194
119,House,22345,5,2,RI,100,,,"MAGAZINER, Seth",M001223,1983.0,,-0.312,0.131,-24.64353,0.93008,340,15,,-0.238,-0.157
119,House,22375,5,1,RI,100,,,"AMO, Gabe",A000380,1987.0,,-0.431,-0.052,-15.69569,0.95578,347,8,,-0.331,-0.287
119,House,20138,48,2,SC,200,,,"WILSON, Addison Graves (Joe)",W000795,1947.0,,0.53,0.161,-15.28565,0.95433,327,6,,0.633,0.38
119,House,21753,48,5,SC,200,,,"NORMAN, Ralph",N000190,1953.0,,0.852,-0.377,-13.59571,0.95903,325,7,,0.957,-0.287
119,House,21974,48,4,SC,200,,,"TIMMONS, William",T000480,1984.0,,0.6,0.051,-15.63924,0.95568,345,8,,0.597,-0.037
119,House,22132,48,1,SC,200,,,"MACE, Nancy",M000194,1977.0,,0.348,-0.291,-45.02928,0.87387,334,22,,0.462,-0.328
119,House,22322,48,7,SC,200,,,"FRY, Russell",F000478,1985.0,,0.545,-0.265,-33.08021,0.90857,345,17,,0.684,-0.137
119,House,22505,48,3,SC,200,,,"BIGGS, Sheri",B001325,1970.0,,0.835,-0.176,-15.47844,0.95637,347,4,,0.826,-0.198
119,House,39301,48,6,SC,100,,,"CLYBURN, James Enos",C000537,1940.0,,-0.467,0.246,-14.15257,0.95935,341,4,,-0.501,0.22
119,House,21935,37,1,SD,200,,,"JOHNSON, Dustin",J000301,1976.0,,0.467,0.139,-13.6046,0.961,342,8,,0.537,0.31
119,House,20748,54,9,TN,100,,,"COHEN, Stephen",C001068,1949.0,,-0.389,-0.294,-16.21254,0.9522,331,7,,-0.293,-0.412
119,House,21178,54,3,TN,200,,,"FLEISCHMANN, Chuck",F000459,1962.0,,0.432,0.395,-6.85551,0.98044,347,2,,0.454,0.624
119,House,21179,54,4,TN,200,,,"DESJARLAIS, Scott",D000616,1964.0,,0.578,-0.043,-16.22286,0.95273,335,5,,0.584,0.141
119,House,21731,54,8,TN,200,,,"KUSTOFF, David",K000392,1966.0,,0.542,0.34,-15.83326,0.95502,344,6,,0.488,0.167
119,House,21905,54,2,TN,200,,,"BURCHETT, Timothy",B001309,1964.0,,0.666,-0.443,-32.40965,0.90726,333,12,,0.683,-0.642
119,House,21926,54,7,TN,200,,,"GREEN, Mark",G000590,1964.0,,0.671,0.018,-7.42224,0.9465,135,4,,0.846,0.355
119,House,21959,54,6,TN,200,,,"ROSE, John",R000612,1965.0,,0.661,0.111,-21.78035,0.93759,338,7,,0.528,-0.028
119,House,22122,54,1,TN,200,,,"HARSHBARGER, Diana",H001086,1960.0,,0.678,-0.1,-22.188,0.93736,343,8,,0.682,-0.225
119,House,22357,54,5,TN,200,,,"OGLES, Andy",O000175,1971.0,,0.776,-0.364,-18.26245,0.94679,334,9,,0.75,-0.311
119,House,22566,54,7,TN,200,,,"VAN EPPS, MATT",V000139,,,0.722,0.482,-0.79013,0.99135,91,0,,0.673,0.407
119,House,20356,49,31,TX,200,,,"CARTER, John R.",C001051,1941.0,,0.487,0.547,-18.95377,0.94609,342,11,,0.56,0.316
119,House,20529,49,9,TX,100,,,"GREEN, Al",G000553,1947.0,,-0.447,0.261,-20.74745,0.9408,340,4,,-0.488,-0.434
119,House,20530,49,10,TX,200,,,"McCAUL, Michael T.",M001157,1962.0,,0.411,0.176,-9.75565,0.96842,304,3,,0.328,0.607
119,House,20533,49,28,TX,100,,,"CUELLAR, Henry",C001063,1955.0,,-0.225,0.646,-77.47281,0.7999,347,38,,-0.199,0.98
119,House,21360,49,14,TX,200,,,"WEBER, Randy",W000814,1953.0,,0.72,0.023,-20.64674,0.94074,338,12,,0.578,-0.107
119,House,21362,49,20,TX,100,,,"CASTRO, Joaquin",C001091,1974.0,,-0.401,-0.137,-16.65777,0.95191,338,6,,-0.414,-0.593
119,House,21364,49,25,TX,200,,,"WILLIAMS, Roger",W000816,1949.0,,0.594,0.062,-15.75777,0.95337,330,7,,0.518,0.145
119,House,21365,49,33,TX,100,,,"VEASEY, Marc",V000131,1971.0,,-0.408,0.365,-37.51281,0.89554,340,15,,-0.509,0.861
119,House,21551,49,36,TX,200,,,"BABIN, Brian",B001291,1948.0,,0.708,0.119,-19.94866,0.94302,340,10,,0.616,0.142
119,House,21700,49,19,TX,200,,,"ARRINGTON, Jodey Cook",A000375,1972.0,,0.643,0.0,-18.68224,0.9456,334,8,,0.657,0.051
119,House,21722,49,34,TX,100,,,"GONZALEZ, Vicente Jr.",G000581,1967.0,,-0.388,0.893,-80.92805,0.78482,334,43,,-0.296,0.955
119,House,21758,49,27,TX,200,,,"CLOUD, Michael",C001115,1975.0,,0.692,-0.362,-33.74333,0.90682,345,12,,0.86,-0.263
119,House,21911,49,2,TX,200,,,"CRENSHAW, Daniel",C001120,1984.0,,0.436,0.266,-12.3296,0.96255,323,7,,0.501,0.186
119,House,21917,49,16,TX,100,,,"ESCOBAR, Veronica",E000299,1969.0,,-0.482,-0.268,-9.67005,0.97228,344,4,,-0.442,-0.423
119,House,21919,49,7,TX,100,,,"FLETCHER, Elizabeth",F000468,1975.0,,-0.523,0.852,-49.76298,0.86495,343,23,,-0.68,0.7
119,House,21922,49,29,TX,100,,,"GARCIA, Sylvia",G000587,1950.0,,-0.771,0.319,-12.90926,0.96198,333,4,,-0.699,0.307
119,House,21925,49,5,TX,200,,,"GOODEN, Lance",G000589,1982.0,,0.717,-0.051,-40.7796,0.88821,344,17,,0.576,-0.127
119,House,21961,49,21,TX,200,,,"ROY, Charles",R000614,1972.0,,0.8,-0.6,-21.70542,0.93762,337,10,,0.802,-0.597
119,House,22112,49,4,TX,200,,,"FALLON, Pat",F000246,1967.0,,0.714,0.127,-20.01422,0.943,341,7,,0.714,0.206
119,House,22119,49,23,TX,200,,,"GONZALES, Tony",G000594,1980.0,,0.35,0.229,-18.54866,0.94614,335,9,,0.569,0.441
119,House,22125,49,13,TX,200,,,"JACKSON, Ronny",J000304,1967.0,,0.785,0.157,-24.94173,0.92784,333,10,,0.922,0.388
119,House,22143,49,22,TX,200,,,"NEHLS, Troy E.",N000026,1968.0,,0.611,-0.234,-17.01795,0.94944,328,5,,0.603,-0.177
119,House,22147,49,11,TX,200,,,"PFLUGER, August",P000048,1977.0,,0.634,0.37,-13.91608,0.96047,345,5,,0.547,0.249
119,House,22155,49,24,TX,200,,,"VAN DUYNE, Beth",V000134,1970.0,,0.606,-0.004,-19.21714,0.94551,343,9,,0.623,-0.068
119,House,22160,49,6,TX,200,,,"ELLZEY, Jake",E000071,1970.0,,0.511,0.704,-6.22335,0.98202,343,2,,0.398,0.821
119,House,22307,49,35,TX,100,,,"CASAR, Greg",C001131,1989.0,,-0.423,-0.868,-4.90984,0.98218,273,1,,-0.575,-0.754
119,House,22312,49,30,TX,100,,,"CROCKETT, Jasmine",C001130,1981.0,,-0.5,-0.202,-6.39921,0.98102,334,1,,-0.492,-0.203
119,House,22315,49,15,TX,200,,,"DE LA CRUZ, Monica",D000594,1974.0,,0.467,0.112,-20.90914,0.93788,326,11,,0.484,-0.039
119,House,22328,49,38,TX,200,,,"HUNT, Wesley",H001095,1981.0,,0.596,-0.285,-9.01129,0.96389,245,2,,0.596,-0.311
119,House,22344,49,8,TX,200,,,"LUTTRELL, Morgan",L000603,1975.0,,0.597,-0.048,-27.74123,0.92187,341,11,,0.569,-0.172
119,House,22352,49,1,TX,200,,,"MORAN, Nathaniel",M001224,1974.0,,0.585,0.567,-12.31575,0.96473,343,7,,0.649,0.482
119,House,22364,49,3,TX,200,,,"SELF, Keith",S001224,1953.0,,0.818,-0.276,-38.13969,0.89359,339,19,,0.778,-0.453
119,House,22517,49,26,TX,200,,,"GILL, Brandon",G000603,1994.0,,0.767,-0.268,-24.67632,0.92979,339,12,,0.807,-0.184
119,House,22519,49,12,TX,200,,,"GOLDMAN, Craig A.",G000601,1968.0,,0.837,0.51,-16.85645,0.95218,344,8,,0.836,0.51
119,House,22528,49,32,TX,100,,,"JOHNSON, Julie",J000310,1966.0,,-0.403,0.462,-29.46917,0.91836,346,14,,-0.402,0.46
119,House,22557,49,18,TX,100,,,"TURNER, Sylvester",T000489,1954.0,2025.0,-0.746,0.666,-2.80447,0.93062,39,1,,-0.937,0.348
119,House,29571,49,37,TX,100,,,"DOGGETT, Lloyd Alton, II",D000399,1946.0,,-0.403,-0.333,-8.23133,0.97601,339,4,,-0.501,-0.393
119,House,29759,49,17,TX,200,,,"SESSIONS, Pete",S000250,1955.0,,0.584,0.171,-19.77112,0.94446,346,6,,0.48,0.038
119,House,22141,67,1,UT,200,,,"MOORE, Blake D.",M001213,1980.0,,0.369,0.32,-17.79393,0.94973,345,7,,0.463,0.252
119,House,22146,67,4,UT,200,,,"OWENS, Burgess",O000086,1951.0,,0.452,0.168,-14.62055,0.95827,343,8,,0.45,0.225
119,House,22376,67,2,UT,200,,,"MALOY, Celeste",M001228,1981.0,,0.404,0.086,-18.12223,0.94883,345,6,,0.374,0.192
119,House,22529,67,3,UT,200,,,"KENNEDY, Mike",K000403,1969.0,,0.64,-0.29,-33.92993,0.90476,339,16,,0.662,-0.24
119,House,22301,6,1,VT,100,,,"BALINT, Becca",B001318,1968.0,,-0.444,-0.494,-6.21619,0.98209,344,2,,-0.42,-0.583
119,House,21994,96,0,VI,100,,,"PLASKETT, Stacey E.",P000610,1966.0,,-0.473,0.565,-3.70903,0.90701,38,1,,-0.969,0.249
119,House,20756,40,1,VA,200,,,"WITTMAN, Robert J.",W000804,1959.0,,0.447,0.024,-23.82861,0.93232,340,11,,0.41,0.06
119,House,20952,40,11,VA,100,,,"CONNOLLY, Gerald E. (Gerry)",C001078,1950.0,2025.0,-0.309,-0.047,-4.55046,0.93875,72,1,,-0.313,-0.72
119,House,21191,40,9,VA,200,,,"GRIFFITH, H. Morgan",G000568,1958.0,,0.509,-0.335,-42.08879,0.88515,345,20,,0.433,-0.18
119,House,21554,40,8,VA,100,,,"BEYER, Donald Sternoff Jr.",B001292,1950.0,,-0.394,-0.106,-10.40378,0.96933,334,4,,-0.451,-0.143
119,House,21908,40,6,VA,200,,,"CLINE, Benjamin",C001118,1972.0,,0.716,-0.201,-18.47187,0.94801,346,6,,0.736,-0.157
119,House,22335,40,2,VA,200,,,"KIGGANS, Jennifer",K000399,1971.0,,0.26,0.461,-14.09553,0.95974,343,6,,0.255,0.61
119,House,22374,40,4,VA,100,,,"MCCLELLAN, Jennifer",M001227,1972.0,,-0.548,0.06,-6.10498,0.98241,344,2,,-0.537,0.107
119,House,22539,40,5,VA,200,,,"MCGUIRE, John J., III",M001239,1968.0,,0.693,-0.237,-34.87391,0.90359,344,13,,0.682,-0.264
119,House,22554,40,10,VA,100,,,"SUBRAMANYAM, Suhas",S001230,1986.0,,-0.253,-0.171,-21.15803,0.94001,342,9,,-0.266,-0.11
119,House,22558,40,7,VA,100,,,"VINDMAN, Eugene Simon",V000138,1975.0,,-0.17,0.149,-31.91186,0.91116,343,11,,-0.169,0.147
119,House,22564,40,11,VA,100,,,"WALKINSHAW, James R.",W000831,,,-0.393,0.156,-3.88512,0.97409,148,2,,-0.387,0.127
119,House,39307,40,3,VA,100,,,"SCOTT, Robert C.",S000185,1947.0,,-0.451,-0.003,-7.20672,0.97939,346,1,,-0.514,-0.029
119,House,20145,73,2,WA,100,,,"LARSEN, Richard Ray (Rick)",L000560,1965.0,,-0.365,0.166,-22.56519,0.93505,336,7,,-0.382,0.201
119,House,21556,73,4,WA,200,,,"NEWHOUSE, Daniel Milton",N000189,1955.0,,0.317,0.334,-10.40838,0.96976,339,5,,0.288,0.563
119,House,21726,73,7,WA,100,,,"JAYAPAL, Pramila",J000298,1965.0,,-0.614,-0.561,-9.13195,0.97229,325,6,,-0.461,-0.811
119,House,21962,73,8,WA,100,,,"SCHRIER, Kim",S001216,1968.0,,-0.276,0.381,-30.06337,0.91678,346,13,,-0.222,0.108
119,House,22153,73,10,WA,100,,,"STRICKLAND, Marilyn",S001159,1962.0,,-0.446,0.365,-14.95695,0.95696,340,7,,-0.409,0.208
119,House,22358,73,3,WA,100,,,"PEREZ, Marie Gluesenkamp",G000600,1988.0,,-0.096,0.363,-67.31957,0.82132,342,21,,-0.163,0.659
119,House,22502,73,5,WA,200,,,"BAUMGARTNER, Michael",B001322,1975.0,,0.546,0.217,-15.15375,0.95678,343,6,,0.528,0.189
119,House,22548,73,6,WA,100,,,"RANDALL, Emily",R000621,1985.0,,-0.668,-0.128,-5.35449,0.98395,331,2,,-0.684,-0.063
119,House,29768,73,9,WA,100,,,"SMITH, Adam",S000510,1965.0,,-0.291,-0.165,-17.19723,0.95068,340,7,,-0.389,-0.078
119,House,31101,73,1,WA,100,,,"DelBENE, Suzan K.",D000617,1962.0,,-0.295,-0.198,-12.8394,0.96283,339,5,,-0.393,0.033
119,House,21946,56,1,WV,200,,,"MILLER, Carol",M001205,1950.0,,0.527,0.106,-18.36863,0.94711,338,6,,0.68,0.275
119,House,22543,56,2,WV,200,,,"MOORE, Riley M.",M001235,1980.0,,0.898,0.44,-44.91788,0.87792,345,19,,0.898,0.44
119,House,20537,25,4,WI,100,,,"MOORE, Gwendolynne S. (Gwen)",M001160,1951.0,,-0.521,-0.271,-11.10335,0.96749,336,6,,-0.509,-0.178
119,House,21370,25,2,WI,100,,,"POCAN, Mark",P000607,1964.0,,-0.523,-0.555,-6.16869,0.98212,342,2,,-0.453,-0.558
119,House,21559,25,6,WI,200,,,"GROTHMAN, Glenn",G000576,1955.0,,0.599,-0.205,-35.70942,0.9003,340,16,,0.617,-0.187
119,House,21970,25,1,WI,200,,,"STEIL, Bryan",S001213,1981.0,,0.42,0.066,-13.44977,0.96187,346,7,,0.532,0.35
119,House,21989,25,7,WI,200,,,"TIFFANY, Thomas P.",T000165,1957.0,,0.642,-0.252,-25.79575,0.92546,333,8,,0.643,-0.328
119,House,22115,25,5,WI,200,,,"FITZGERALD, Scott",F000471,1963.0,,0.6,0.085,-14.31766,0.95912,343,5,,0.598,0.081
119,House,22370,25,3,WI,200,,,"VAN ORDEN, Derrick",V000135,1969.0,,0.376,-0.036,-26.50234,0.91806,310,12,,0.395,-0.135
119,House,22383,25,8,WI,200,,,"WIED, Tony",W000829,1976.0,,0.517,-0.263,-22.59166,0.93679,346,7,,0.561,-0.213
119,House,22325,68,1,WY,200,,,"HAGEMAN, Harriet",H001096,1962.0,,0.651,-0.35,-27.87745,0.92259,346,11,,0.653,-0.256
119,Senate,42102,41,0,AL,200,,,"TUBERVILLE, Thomas Hawley (Tommy)",T000278,1954.0,,0.936,-0.352,-20.48346,0.96884,647,4,,0.717,0.216
119,Senate,42300,41,0,AL,200,,,"BRITT, Katie Elizabeth",B001319,1982.0,,0.586,0.587,-7.70983,0.9884,661,4,,0.704,0.464
119,Senate,40300,81,0,AK,200,,,"MURKOWSKI, Lisa",M001153,1957.0,,0.203,-0.304,-86.89451,0.8754,653,37,,0.167,-0.202
119,Senate,41500,81,0,AK,200,,,"SULLIVAN, Daniel Scott",S001198,1964.0,,0.476,0.156,-57.52988,0.91604,656,16,,0.3,0.275
119,Senate,21502,61,0,AZ,100,,,"GALLEGO, Ruben",G000574,1979.0,,-0.358,0.141,-88.99796,0.85797,581,43,,-0.297,0.25
119,Senate,41905,61,0,AZ,100,,,"KELLY, Mark Edward",K000377,1964.0,,-0.264,0.29,-77.0006,0.88597,636,40,,-0.295,0.298
119,Senate,20101,42,0,AR,200,,,"BOOZMAN, John",B001236,1950.0,,0.426,0.34,-7.47843,0.9888,664,4,,0.418,0.317
119,Senate,21301,42,0,AR,200,,,"COTTON, Tom",C001095,1977.0,,0.578,0.199,-8.4579,0.98736,665,2,,0.514,0.283
119,Senate,20104,71,0,CA,100,,,"SCHIFF, Adam",S001150,1960.0,,-0.352,-0.119,-88.05792,0.8751,660,52,,-0.377,-0.069
119,Senate,42104,71,0,CA,100,,,"PADILLA, Alejandro (Alex)",P000145,1973.0,,-0.438,-0.249,-54.07319,0.91994,648,33,,-0.549,-0.085
119,Senate,40910,62,0,CO,100,,,"BENNET, Michael F.",B001267,1964.0,,-0.242,-0.191,-81.13947,0.88514,665,34,,-0.294,-0.271
119,Senate,42101,62,0,CO,100,,,"HICKENLOOPER, John Wright",H000273,1952.0,,-0.29,-0.016,-82.39609,0.88379,667,30,,-0.309,-0.007
119,Senate,20707,1,0,CT,100,,,"MURPHY, Christopher",M001169,1973.0,,-0.287,-0.258,-98.31864,0.86081,656,46,,-0.531,-0.582
119,Senate,41101,1,0,CT,100,,,"BLUMENTHAL, Richard",B001277,1946.0,,-0.434,-0.152,-39.76804,0.94212,667,19,,-0.43,-0.146
119,Senate,21706,11,0,DE,100,,,"BLUNT ROCHESTER, Lisa",B001303,1962.0,,-0.386,-0.12,-42.93892,0.93819,673,14,,-0.441,-0.204
119,Senate,40916,11,0,DE,100,,,"COONS, Christopher A.",C001088,1963.0,,-0.238,-0.215,-74.61195,0.89012,641,25,,-0.258,-0.199
119,Senate,41102,43,0,FL,200,,,"RUBIO, Marco",R000595,1971.0,,0.616,-0.184,-0.00062,0.99991,7,0,,0.569,0.415
119,Senate,41903,43,0,FL,200,,,"SCOTT, Richard Lynn (Rick)",S001217,1952.0,,0.722,-0.037,-22.44109,0.96725,674,8,,0.903,0.027
119,Senate,42506,43,0,FL,200,,,"MOODY, Ashley Brooke",M001244,1975.0,,0.712,0.108,-11.02462,0.98353,664,6,,0.709,0.107
119,Senate,42103,44,0,GA,100,,,"OSSOFF, Thomas Jonathan (Jon)",O000174,1987.0,,-0.459,0.475,-47.45722,0.9271,627,18,,-0.541,0.776
119,Senate,42105,44,0,GA,100,,,"WARNOCK, Raphael Gamaliel",W000790,1969.0,,-0.431,0.423,-63.88207,0.90734,657,30,,-0.47,0.621
119,Senate,20713,82,0,HI,100,,,"HIRONO, Mazie",H001042,1947.0,,-0.512,-0.089,-41.13004,0.9408,674,14,,-0.503,-0.087
119,Senate,41112,82,0,HI,100,,,"SCHATZ, Brian Emanuel",S001194,1972.0,,-0.448,-0.119,-41.9824,0.93917,669,20,,-0.478,-0.245
119,Senate,29345,63,0,ID,200,,,"CRAPO, Michael Dean",C000880,1951.0,,0.505,0.291,-8.18137,0.98788,671,2,,0.561,0.271
119,Senate,40902,63,0,ID,200,,,"RISCH, James",R000584,1943.0,,0.552,0.384,-8.1032,0.98783,662,4,,0.72,0.385
119,Senate,15021,21,0,IL,100,,,"DURBIN, Richard Joseph",D000563,1944.0,,-0.34,-0.311,-104.15679,0.8536,658,50,,-0.253,-0.417
119,Senate,21325,21,0,IL,100,,,"DUCKWORTH, Tammy",D000622,1968.0,,-0.345,0.056,-67.69966,0.8964,619,42,,-0.4,-0.178
119,Senate,21133,22,0,IN,200,,,"YOUNG, Todd",Y000064,1972.0,,0.439,-0.024,-13.63651,0.97985,670,3,,0.47,0.144
119,Senate,21702,22,0,IN,200,,,"BANKS, James E.",B001299,1979.0,,0.648,0.014,-8.93057,0.9867,667,4,,0.675,0.04
119,Senate,14226,31,0,IA,200,,,"GRASSLEY, Charles Ernest",G000386,1933.0,,0.362,-0.035,-19.98021,0.97071,672,9,,0.42,0.174
119,Senate,41502,31,0,IA,200,,,"ERNST, Joni",E000295,1970.0,,0.537,-0.032,-13.41923,0.97993,662,5,,0.636,0.196
119,Senate,21734,32,0,KS,200,,,"MARSHALL, Roger Wayne",M001198,1960.0,,0.607,0.139,-9.63966,0.98572,670,6,,0.597,0.144
119,Senate,29722,32,0,KS,200,,,"MORAN, Jerry",M000934,1954.0,,0.413,0.221,-19.85358,0.96946,640,8,,0.412,0.165
119,Senate,14921,51,0,KY,200,,,"McCONNELL, Addison Mitchell (Mitch)",M000355,1942.0,,0.402,0.018,-50.22151,0.92231,621,17,,0.321,-0.059
119,Senate,41104,51,0,KY,200,,,"PAUL, Rand",P000603,1963.0,,0.891,-0.454,-219.63172,0.71401,652,92,,0.497,-0.867
119,Senate,20919,45,0,LA,200,,,"CASSIDY, Bill",C001075,1957.0,,0.464,-0.048,-14.54424,0.97732,634,6,,0.458,0.012
119,Senate,41703,45,0,LA,200,,,"KENNEDY, John Neely",K000393,1951.0,,0.56,-0.149,-21.12736,0.96854,661,9,,0.687,-0.203
119,Senate,41300,2,0,ME,328,,,"KING, Angus Stanley, Jr.",K000383,1944.0,,-0.167,-0.187,-111.07238,0.84618,665,46,,-0.17,-0.183
119,Senate,49703,2,0,ME,200,,,"COLLINS, Susan Margaret",C001035,1952.0,,0.124,-0.505,-100.63633,0.86168,676,56,,0.186,-0.414
119,Senate,20330,52,0,MD,100,,,"VAN HOLLEN, Christopher",V000128,1959.0,,-0.398,-0.227,-39.09627,0.94282,664,15,,-0.474,-0.506
119,Senate,42500,52,0,MD,100,,,"ALSOBROOKS, Angela Deneece",A000382,1971.0,,-0.442,0.048,-55.31607,0.92041,667,25,,-0.44,0.045
119,Senate,14435,3,0,MA,100,,,"MARKEY, Edward John",M000133,1946.0,,-0.517,-0.471,-16.22566,0.97611,671,2,,-0.988,0.152
119,Senate,41301,3,0,MA,100,,,"WARREN, Elizabeth",W000817,1949.0,,-0.745,-0.37,-11.3714,0.98297,662,4,,-0.752,-0.66
119,Senate,20923,23,0,MI,100,,,"PETERS, Gary C.",P000595,1958.0,,-0.25,-0.183,-85.78649,0.87811,660,40,,-0.272,-0.189
119,Senate,21965,23,0,MI,100,,,"SLOTKIN, Elissa",S001208,1976.0,,-0.368,0.781,-72.2516,0.89541,654,35,,-0.371,0.59
119,Senate,40700,33,0,MN,100,,,"KLOBUCHAR, Amy",K000367,1960.0,,-0.278,-0.325,-75.43268,0.89337,669,45,,-0.26,-0.244
119,Senate,41706,33,0,MN,100,,,"SMITH, Tina",S001203,1958.0,,-0.409,-0.121,-42.79068,0.93571,644,16,,-0.468,-0.34
119,Senate,29534,46,0,MS,200,,,"WICKER, Roger F.",W000437,1951.0,,0.377,0.341,-7.22904,0.98892,649,1,,0.423,0.278
119,Senate,41707,46,0,MS,200,,,"HYDE-SMITH, Cindy",H001079,1959.0,,0.449,0.333,-7.55814,0.9887,665,3,,0.458,0.356
119,Senate,41901,34,0,MO,200,,,"HAWLEY, Joshua David",H001089,1979.0,,0.83,-0.372,-93.57963,0.86495,645,34,,0.51,-0.603
119,Senate,42303,34,0,MO,200,,,"SCHMITT, Eric Stephen",S001227,1975.0,,0.902,0.076,-9.43922,0.98595,667,2,,0.738,0.284
119,Senate,21338,64,0,MT,200,,,"DAINES, Steve",D000618,1962.0,,0.59,-0.024,-12.24371,0.98151,656,3,,0.702,0.713
119,Senate,42503,64,0,MT,200,,,"SHEEHY, Timothy Patrick",S001232,1985.0,,0.638,0.77,-6.80876,0.98971,658,3,,0.659,0.752
119,Senate,41302,35,0,NE,200,,,"FISCHER, Debra (Deb)",F000463,1951.0,,0.46,0.335,-10.16676,0.98498,672,3,,0.413,0.397
119,Senate,42302,35,0,NE,200,,,"RICKETTS, John Peter (Pete)",R000618,1964.0,,0.441,0.506,-6.80587,0.98995,674,2,,0.452,0.397
119,Senate,21743,65,0,NV,100,,,"ROSEN, Jacklyn Sheryl",R000608,1957.0,,-0.286,0.317,-75.65834,0.89246,665,39,,-0.287,0.358
119,Senate,41700,65,0,NV,100,,,"CORTEZ MASTO, Catherine Marie",C001113,1964.0,,-0.347,0.35,-102.67694,0.85572,659,50,,-0.349,0.569
119,Senate,40906,4,0,NH,100,,,"SHAHEEN, Jeanne",S001181,1947.0,,-0.221,-0.139,-114.44196,0.83924,653,55,,-0.162,-0.167
119,Senate,41702,4,0,NH,100,,,"HASSAN, Margaret (Maggie)",H001076,1958.0,,-0.225,0.019,-80.96501,0.88585,668,32,,-0.2,0.011
119,Senate,21937,12,0,NJ,100,,,"KIM, Andy",K000394,1982.0,,-0.408,0.231,-79.69358,0.88833,673,47,,-0.432,0.16
119,Senate,41308,12,0,NJ,100,,,"BOOKER, Cory Anthony",B001288,1969.0,,-0.558,-0.25,-77.29375,0.88723,646,31,,-0.488,-0.107
119,Senate,20930,66,0,NM,100,,,"HEINRICH, Martin",H001046,1971.0,,-0.334,-0.001,-77.17395,0.88674,642,36,,-0.358,0.171
119,Senate,20932,66,0,NM,100,,,"LUJÁN, Ben Ray",L000570,1972.0,,-0.38,0.032,-56.01069,0.9198,670,21,,-0.501,0.326
119,Senate,14858,13,0,NY,100,,,"SCHUMER, Charles Ellis (Chuck)",S000148,1950.0,,-0.355,-0.411,-45.07169,0.93522,673,18,,-0.414,-0.216
119,Senate,20735,13,0,NY,100,,,"GILLIBRAND, Kirsten",G000555,1966.0,,-0.449,-0.308,-99.29461,0.8613,665,52,,-0.372,0.037
119,Senate,21708,47,0,NC,200,,,"BUDD, Theodore Paul",B001305,1971.0,,0.633,-0.077,-16.14409,0.97558,653,6,,0.658,-0.128
119,Senate,41504,47,0,NC,200,,,"TILLIS, Thomas Roland (Thom)",T000476,1960.0,,0.386,-0.104,-30.64137,0.95013,599,11,,0.377,-0.124
119,Senate,21350,36,0,ND,200,,,"CRAMER, Kevin",C001096,1961.0,,0.4,0.367,-10.29686,0.98436,653,4,,0.456,0.296
119,Senate,41107,36,0,ND,200,,,"HOEVEN, John",H001061,1957.0,,0.401,0.449,-10.06735,0.98506,669,3,,0.505,0.427
119,Senate,42304,24,0,OH,200,,,"VANCE, James David",V000137,1984.0,,0.85,-0.527,-0.0,1.0,1,0,,0.0,0.0
119,Senate,42502,24,0,OH,200,,,"MORENO, Bernardo (Bernie)",M001242,1967.0,,0.74,0.236,-5.95704,0.99123,676,2,,0.738,0.242
119,Senate,42505,24,0,OH,200,,,"HUSTED, Jon Allen",H001104,1967.0,,0.669,0.672,-7.65248,0.98863,669,3,,0.69,0.613
119,Senate,21166,53,0,OK,200,,,"LANKFORD, James",L000575,1968.0,,0.59,0.148,-9.61396,0.98584,674,6,,0.562,0.219
119,Senate,21355,53,0,OK,200,,,"MULLIN, Markwayne",M001190,1977.0,,0.531,0.251,-9.29649,0.98551,637,4,,0.418,0.317
119,Senate,14871,72,0,OR,100,,,"WYDEN, Ronald Lee",W000779,1949.0,,-0.334,-0.487,-39.14333,0.94233,659,15,,-0.43,-0.412
119,Senate,40908,72,0,OR,100,,,"MERKLEY, Jeff",M001176,1956.0,,-0.453,-0.719,-24.67669,0.96384,670,10,,-0.514,-0.488
119,Senate,42301,14,0,PA,100,,,"FETTERMAN, John Karl",F000479,1969.0,,-0.186,0.146,-116.11299,0.83168,630,57,,-0.172,0.243
119,Senate,42501,14,0,PA,200,,,"MCCORMICK, David Harold",M001243,1965.0,,0.6,0.588,-5.35073,0.99188,656,1,,0.576,0.581
119,Senate,29142,5,0,RI,100,,,"REED, John F. (Jack)",R000122,1949.0,,-0.36,-0.155,-100.35177,0.86051,668,46,,-0.294,-0.104
119,Senate,40704,5,0,RI,100,,,"WHITEHOUSE, Sheldon",W000802,1955.0,,-0.349,-0.112,-72.76138,0.8944,652,27,,-0.316,-0.256
119,Senate,21173,48,0,SC,200,,,"SCOTT, Tim",S001184,1965.0,,0.629,0.023,-10.37251,0.98426,654,5,,0.505,0.426
119,Senate,29566,48,0,SC,200,,,"GRAHAM, Lindsey O.",G000359,1955.0,,0.367,-0.269,-26.00667,0.95975,633,3,,0.454,0.321
119,Senate,29754,37,0,SD,200,,,"THUNE, John",T000250,1961.0,,0.432,0.226,-44.83464,0.93574,675,11,,0.345,0.171
119,Senate,41505,37,0,SD,200,,,"ROUNDS, Marion Michael (Mike)",R000605,1954.0,,0.351,0.086,-13.06163,0.98075,672,3,,0.387,0.347
119,Senate,20351,54,0,TN,200,,,"BLACKBURN, Marsha",B001243,1952.0,,0.632,0.141,-6.40232,0.99008,642,2,,0.63,0.189
119,Senate,42100,54,0,TN,200,,,"HAGERTY, William Francis (Bill)",H000601,1959.0,,0.679,-0.085,-6.5628,0.99002,654,0,,0.758,0.108
119,Senate,40305,49,0,TX,200,,,"CORNYN, John",C001056,1952.0,,0.471,-0.062,-11.68622,0.98279,673,3,,0.613,0.358
119,Senate,41304,49,0,TX,200,,,"CRUZ, Rafael Edward (Ted)",C001098,1970.0,,0.781,-0.179,-16.24871,0.97466,633,5,,0.883,0.249
119,Senate,21755,67,0,UT,200,,,"CURTIS, John R.",C001114,1960.0,,0.452,0.12,-29.65292,0.95639,665,11,,0.659,-0.092
119,Senate,41110,67,0,UT,200,,,"LEE, Mike",L000577,1971.0,,0.891,-0.454,-38.02966,0.94343,653,18,,1.0,-0.019
119,Senate,20750,6,0,VT,100,,,"WELCH, Peter",W000800,1947.0,,-0.401,-0.405,-70.81524,0.89304,626,30,,-0.335,-0.573
119,Senate,29147,6,0,VT,328,,,"SANDERS, Bernard",S000033,1941.0,,-0.545,-0.428,-21.52104,0.96578,618,6,,-0.69,-0.616
119,Senate,40909,40,0,VA,100,,,"WARNER, Mark",W000805,1954.0,,-0.213,-0.037,-83.42458,0.88109,659,31,,-0.241,0.04
119,Senate,41305,40,0,VA,100,,,"KAINE, Timothy Michael (Tim)",K000384,1958.0,,-0.237,-0.112,-100.40076,0.86084,670,58,,-0.209,-0.228
119,Senate,39310,73,0,WA,100,,,"CANTWELL, Maria E.",C000127,1958.0,,-0.308,-0.402,-55.92242,0.92049,675,16,,-0.35,-0.298
119,Senate,49308,73,0,WA,100,,,"MURRAY, Patty",M001111,1950.0,,-0.356,-0.314,-34.09312,0.94748,632,8,,-0.469,-0.283
119,Senate,20146,56,0,WV,200,,,"CAPITO, Shelley Moore",C001047,1953.0,,0.284,0.144,-17.30135,0.97417,661,2,,0.454,0.321
119,Senate,42504,56,0,WV,200,,,"JUSTICE, James Conley, II",J000312,1951.0,,0.587,0.348,-7.09154,0.98908,646,1,,0.564,0.343
119,Senate,29940,25,0,WI,100,,,"BALDWIN, Tammy",B001230,1962.0,,-0.486,-0.124,-64.71561,0.90832,673,36,,-0.392,-0.098
119,Senate,41111,25,0,WI,200,,,"JOHNSON, Ron",J000293,1955.0,,0.643,-0.144,-19.5114,0.97121,668,6,,0.875,0.094
119,Senate,20953,68,0,WY,200,,,"LUMMIS, Cynthia M.",L000571,1954.0,,0.685,-0.327,-22.82272,0.9657,654,8,,0.924,0.042
119,Senate,40707,68,0,WY,200,,,"BARRASSO, John A.",B001261,1952.0,,0.54,0.193,-10.34795,0.98472,672,4,,0.628,0.269
